{"cameraMode":{"drawMode":0,"name":"Shaded","section":"Shading Mode"},"sceneLighting":true,"audioPlay":false,"sceneViewState":{"showFog":true,"showMaterialUpdate":false,"showSkybox":true,"showFlares":true,"showImageEffects":true,"showParticleSystems":true},"in2DMode":false,"pivot":{"x":6.324999809265137,"y":0.125,"z":12.300000190734864},"rotation":{"x":-0.13607649505138398,"y":-0.0029719986487179996,"z":0.00040877508581615984,"w":-0.9906938076019287},"size":10.521477699279786,"orthographic":true}