{"cameraMode":{"drawMode":0,"name":"Shaded","section":"Shading Mode"},"sceneLighting":true,"audioPlay":false,"sceneViewState":{"showFog":true,"showMaterialUpdate":false,"showSkybox":true,"showFlares":true,"showImageEffects":true,"showParticleSystems":true},"in2DMode":false,"pivot":{"x":47.24055099487305,"y":4.301209926605225,"z":27.998807907104493},"rotation":{"x":-0.017997637391090394,"y":0.014997228980064392,"z":-0.00026551465271040797,"w":-0.9997255802154541},"size":10.625089645385743,"orthographic":false}