{"cameraMode":{"drawMode":0,"name":"Shaded","section":"Shading Mode"},"sceneLighting":false,"audioPlay":false,"sceneViewState":{"showFog":true,"showMaterialUpdate":false,"showSkybox":false,"showFlares":true,"showImageEffects":true,"showParticleSystems":true},"in2DMode":false,"pivot":{"x":6.853664398193359,"y":-3.0831449031829836,"z":19.633052825927736},"rotation":{"x":-0.15948575735092164,"y":0.06303440034389496,"z":-0.010204645805060864,"w":-0.9851328730583191},"size":43.416873931884769,"orthographic":true}