{"cameraMode":{"drawMode":0,"name":"Shaded","section":"Shading Mode"},"sceneLighting":true,"audioPlay":false,"sceneViewState":{"showFog":true,"showMaterialUpdate":false,"showSkybox":true,"showFlares":true,"showImageEffects":true,"showParticleSystems":true},"in2DMode":false,"pivot":{"x":42.61959457397461,"y":-30.547508239746095,"z":226.2703094482422},"rotation":{"x":-0.10777625441551209,"y":0.016403868794441224,"z":-0.0017740079201757908,"w":-0.9940382838249207},"size":163.8531951904297,"orthographic":false}