{"cameraMode":{"drawMode":0,"name":"Shaded","section":"Shading Mode"},"sceneLighting":false,"audioPlay":false,"sceneViewState":{"showFog":true,"showMaterialUpdate":false,"showSkybox":false,"showFlares":true,"showImageEffects":true,"showParticleSystems":true},"in2DMode":false,"pivot":{"x":5.401924133300781,"y":0.580000102519989,"z":-6.106467247009277},"rotation":{"x":-0.13739411532878877,"y":0.049009181559085849,"z":-0.006806295830756426,"w":-0.9892798662185669},"size":46.54524612426758,"orthographic":true}