{"cameraMode":{"drawMode":0,"name":"Shaded","section":"Shading Mode"},"sceneLighting":false,"audioPlay":false,"sceneViewState":{"showFog":true,"showMaterialUpdate":false,"showSkybox":false,"showFlares":true,"showImageEffects":true,"showParticleSystems":true},"in2DMode":false,"pivot":{"x":6.659328460693359,"y":-8.540176391601563,"z":18.523677825927736},"rotation":{"x":-0.15948577225208283,"y":0.06303440779447556,"z":-0.010204646736383438,"w":-0.9851329326629639},"size":18.054738998413087,"orthographic":true}