{"cameraMode":{"drawMode":0,"name":"Shaded","section":"Shading Mode"},"sceneLighting":false,"audioPlay":false,"sceneViewState":{"showFog":true,"showMaterialUpdate":false,"showSkybox":false,"showFlares":true,"showImageEffects":true,"showParticleSystems":true},"in2DMode":false,"pivot":{"x":-3.7950022220611574,"y":-2.120999813079834,"z":-0.5997157096862793},"rotation":{"x":0.004696475341916084,"y":-0.6237154603004456,"z":0.0037348992191255094,"w":0.7816285490989685},"size":10.861815452575684,"orthographic":true}