{"cameraMode":{"drawMode":0,"name":"Shaded","section":"Shading Mode"},"sceneLighting":true,"audioPlay":false,"sceneViewState":{"showFog":true,"showMaterialUpdate":false,"showSkybox":true,"showFlares":true,"showImageEffects":true,"showParticleSystems":true},"in2DMode":false,"pivot":{"x":88.15335845947266,"y":3.029287099838257,"z":106.04400634765625},"rotation":{"x":-0.06445272266864777,"y":-0.008981171995401383,"z":0.0005801201914437115,"w":-0.997880220413208},"size":9.355147361755371,"orthographic":false}