{"cameraMode":{"drawMode":0,"name":"Shaded","section":"Shading Mode"},"sceneLighting":false,"audioPlay":false,"sceneViewState":{"showFog":true,"showMaterialUpdate":false,"showSkybox":false,"showFlares":true,"showImageEffects":true,"showParticleSystems":true},"in2DMode":false,"pivot":{"x":2.260000228881836,"y":2.490544080734253,"z":1.7036378383636475},"rotation":{"x":-0.13739411532878877,"y":0.049009181559085849,"z":-0.006806295830756426,"w":-0.9892798662185669},"size":17.28926658630371,"orthographic":true}